created_at;id_str;full_text;quote_count;reply_count;retweet_count;favorite_count;lang;user_id_str;conversation_id_str;username;tweet_url
Sat Dec 30 22:47:38 +0000 2023;1741229585105326389;"@AISafetyMemes Doomsday panic has never been an effective at organizing society to deal with problems, in fact, it overall makes people less likely to tackle actual issues due to the "well it's all going to end anyway" mindset. Basically what the Tomorrowland film says.";0;0;0;0;en;488651889;1741109347961156040;SkyeSharkie;https://twitter.com/SkyeSharkie/status/1741229585105326389
Sat Dec 30 22:10:52 +0000 2023;1741220331581211108;"The opening track for the Nina Kravitz' set at Tomorrowland 23.. What a crooked track.. In astronomy analemma is a diagram showing the position of the Sun in the sky as seen from a fixed location on Earth at the same mea... https://t.co/uLAZmny1j8";0;0;0;0;en;1576814823324766210;1741220331581211108;ThePotCatsRadio;https://twitter.com/ThePotCatsRadio/status/1741220331581211108
Sat Dec 30 22:10:12 +0000 2023;1741220166438895664;"ALLEZ AMBIANCE TOMORROWLAND #StarAcademy";0;0;0;1;en;88469421;1741220166438895664;RamPAIGEr31;https://twitter.com/RamPAIGEr31/status/1741220166438895664
Sat Dec 30 22:03:33 +0000 2023;1741218490575475072;"Hey @elonmusk, have you ever watched the Disney movie, Tomorrowland? It makes us appreciate #WaltDisney, but it also makes us think about you.";0;0;0;2;en;1675311380436492288;1741218490575475072;WaltUniv;https://twitter.com/WaltUniv/status/1741218490575475072
Sat Dec 30 22:01:21 +0000 2023;1741217936725987774;"üì¢ Registration for the $LINK Winter Airdrop is now opened üéÑüéÅ                                                       üëâhttps://t.co/dnpQogGdHpüëà  @BladSouza @momo44615605 @nftgulu @TomorrowLand__8";0;0;0;0;en;1737854130054647809;1741217936725987774;dierdre23804;https://twitter.com/dierdre23804/status/1741217936725987774
Sat Dec 30 21:37:25 +0000 2023;1741211916360470668;"@_mfergi Tomorrowland";0;0;0;2;en;54300860;1741196526972813346;desyreemb;https://twitter.com/desyreemb/status/1741211916360470668
Sat Dec 30 21:16:39 +0000 2023;1741206691075514824;"üéß Nicki Minaj is the first female solo artist to have seven singles simultaneously charting on the Billboard Hot üíØ  üòé  üîó Hit the link, FREE EDM MUSICS üëâüèª https://t.co/mJyvEBohCn ü´∂üèª  ‚ù§Ô∏è Thanks for your support üíô  #nikiminaj #starships #edm #Music #Dj #mix #tomorrowland https://t.co/BhB62UA8dA";0;1;1;4;en;122790434;1741206691075514824;CedricLASS;https://twitter.com/CedricLASS/status/1741206691075514824
Sat Dec 30 21:15:28 +0000 2023;1741206393120514426;"Tomorrowland icon in the house ‚Äú Amare ‚Äú https://t.co/m6w4sQle3e";0;0;0;6;en;1168399072451006464;1741206393120514426;KevinVinnie2;https://twitter.com/KevinVinnie2/status/1741206393120514426
Sat Dec 30 19:35:14 +0000 2023;1741181166387106241;"I would love if Astro Orbiter didn‚Äôt come back to Tomorrowland";0;4;0;15;en;2386107834;1741181166387106241;Caitiebear13;https://twitter.com/Caitiebear13/status/1741181166387106241
Sat Dec 30 19:04:08 +0000 2023;1741173340687958444;"Anyma &amp  Reb≈´ke - Syren [Live from Afterlife Tomorrowland] https://t.co/rSR6nA2inx via @YouTube";0;0;0;2;en;3398856221;1741173340687958444;ZoeSteinn;https://twitter.com/ZoeSteinn/status/1741173340687958444
Sat Dec 30 18:59:16 +0000 2023;1741172115598901445;"TOMORROWLAND 2024 | The Best Party Mix 2024 | Best Remixes &amp  Mashup of P... https://t.co/CqXEhDNdat via @YouTube";0;0;0;0;en;48986815;1741172115598901445;ffspinosa;https://twitter.com/ffspinosa/status/1741172115598901445
Sat Dec 30 18:52:07 +0000 2023;1741170317836357830;"@steveaoki @tomorrowland @KiDCuDi I was there in the crowd! üéâ";0;0;0;0;en;317448931;1741159095795929465;JoseRHDJ;https://twitter.com/JoseRHDJ/status/1741170317836357830
Sat Dec 30 18:50:22 +0000 2023;1741169878038642803;"@TangaroaJoel We on a similar page! Was just thinking of one where the theme was Earth and instead of Fantasyland, Tomorrowland, etc, we got the continents and rotate highlights from each, including entertainment habits! Who got $5 on it?";0;0;0;2;en;1558773094415618049;1740887482919752189;OldMisterChris;https://twitter.com/OldMisterChris/status/1741169878038642803
Sat Dec 30 18:41:21 +0000 2023;1741167605480644998;"@anon_opin Metropolis, Batman (Nolan &amp  Burton's), Escape from New York, Dark City, Fifth Element, Tomorrowland, Minority Report, Brazil ... I can think of quite a few impressive cityscapes.";0;0;0;0;en;125351647;1741125748717474274;locka99;https://twitter.com/locka99/status/1741167605480644998
Sat Dec 30 18:29:47 +0000 2023;1741164697930322411;"@iowahawkblog I‚Äôve driven it many times over the years ‚Äì I‚Äôm not surprised that Olmstead was involved. I think of it as proto-Disney  a gateway between Frontierland and Tomorrowland/Fantasyland, although which is which may not be clear.";0;0;0;1;en;28578452;1741096607955722750;craptard;https://twitter.com/craptard/status/1741164697930322411
Sat Dec 30 18:08:56 +0000 2023;1741159448926970232;"9. The @3AreLegend show at big slap in norway. Wow. Unforgettable night with my brothers @dimitrivegas @likemike we have more bangers dropping for 2024. We‚Äôll see u in Tomorrowland winter ü•∂ https://t.co/cn6Imnf2In";0;1;11;30;en;17019152;1741159095795929465;steveaoki;https://twitter.com/steveaoki/status/1741159448926970232
Sat Dec 30 18:07:32 +0000 2023;1741159095795929465;"2023 u were amazing!! Too many beautiful moments. Here‚Äôs a few of them  1. Closing @tomorrowland main stage with the powerful @KiDCuDi https://t.co/Q7xM5ssNUf";8;7;94;767;en;17019152;1741159095795929465;steveaoki;https://twitter.com/steveaoki/status/1741159095795929465
Sat Dec 30 18:00:17 +0000 2023;1741157273055985908;"Lowest waiting times in #WDW: Journey of Water, Inspired by Moana - 0 min Walt Disney's Carousel of Progress - 5 min Kali River Rapids - 10 min Lightning McQueen's Racing Academy - 15 min Tomorrowland Transit Authority PeopleMover - 20 min https://t.co/imIgIYjiHz #WDW #WDWLive";0;0;0;1;en;900758321216585729;1741157273055985908;WdwStats;https://twitter.com/WdwStats/status/1741157273055985908
Sat Dec 30 17:53:22 +0000 2023;1741155529974546517;"@hahn_jhahn9041 Let's hope he paid this electric bill there! I remember we were at Disneyland a few years ago &amp  the whole power grid in Tomorrowland blew.";0;1;0;1;en;35631618;1741153728592240847;nkim47;https://twitter.com/nkim47/status/1741155529974546517
Sat Dec 30 17:36:03 +0000 2023;1741151173615206587;"@RobinsonMuiru1 @GeorgeiQwatson Avicii's the name I think of at the mention of Tomorrowland.....";0;2;0;1;en;3242212588;1741142350544417183;AryaNjeri;https://twitter.com/AryaNjeri/status/1741151173615206587
Sat Dec 30 17:33:57 +0000 2023;1741150645405483236;"tomorrowland arabistan";0;0;0;2;en;1097846901444100098;1741150645405483236;furkankazak_;https://twitter.com/furkankazak_/status/1741150645405483236
Sat Dec 30 17:21:57 +0000 2023;1741147623632117901;"@bariweiss The evil reign of hamas is over. Down with hamas and its supporters. No statehood for palestine, the people who elected, empowered, and allow themselves to be used by hamas.";0;0;0;1;en;1587475723370930176;1740442562748715353;llltomorrowland;https://twitter.com/llltomorrowland/status/1741147623632117901
Sat Dec 30 17:13:15 +0000 2023;1741145436176417052;"@RobinsonMuiru1 @GeorgeiQwatson Reminds me of the late Avicii and 2013 Tomorrowland performance. üî•üî•üî•";0;1;0;1;en;115036657;1741142350544417183;robert_adero;https://twitter.com/robert_adero/status/1741145436176417052
Sat Dec 30 17:11:03 +0000 2023;1741144883111325974;"@nasipetme tomorrowland";0;0;0;1;en;1348764108;1741073559286374707;bilalyill;https://twitter.com/bilalyill/status/1741144883111325974
Sat Dec 30 17:06:42 +0000 2023;1741143787177419045;"@GeorgeiQwatson DJ George reminds me of tomorrowland https://t.co/Ea38zlKkOi";0;3;0;4;en;1701174052306522112;1741142350544417183;RobinsonMuiru1;https://twitter.com/RobinsonMuiru1/status/1741143787177419045
Sat Dec 30 17:06:33 +0000 2023;1741143748770140426;"Attraction I dislike: Tomorrowland speedway  Att. that is overrated: Slinky Att. that is underrated: Muppet vision  Att. I like: TOT Att. I love: People Mover Park I feel most myself in: EPCOT Resort I still need to visit: all overseas parks Resort I dream of living by: Tokyo SEA";0;0;0;1;en;1487998916058652673;1741143748770140426;RazzyFizz;https://twitter.com/RazzyFizz/status/1741143748770140426
Sat Dec 30 16:56:41 +0000 2023;1741141266144821436;"Metaphysical Resources:  - The Secret - movie - The Secret:  Dare to Dream - movie - Tomorrowland - movie";0;0;0;0;en;1275470856349577216;1741141266144821436;CharlesThomasW7;https://twitter.com/CharlesThomasW7/status/1741141266144821436
Sat Dec 30 16:45:44 +0000 2023;1741138513037279481;"Pra Tomorrowland? ü•∫ https://t.co/H0xrYBYJmT";0;0;0;0;en;4914979851;1741138513037279481;_biancasilv4;https://twitter.com/_biancasilv4/status/1741138513037279481
Sat Dec 30 16:44:13 +0000 2023;1741138129623642392;"@ineedmymedshelp Young adult matters, a wrinkle in time, the handmaiden, Coraline, kill bill, nerve, ready player one, before I fall, soul surfer, Matilda, Mona Lisa and the blood moon, Tomorrowland, butterfly 2004, one million yen girl, chronicles of N√°rnia, Norwegian wood, a piece of our life";0;0;0;2;en;1701634666539933696;1741135152464420920;chaelisastoe2;https://twitter.com/chaelisastoe2/status/1741138129623642392
Sat Dec 30 16:40:43 +0000 2023;1741137246659674225;"From Tomorrowland to the New Orleans Jazz Festival, we look at music festivals that have drawn more than 200,000 people this year!   Full list here: https://t.co/gk4NcHHECe  #musicfestivals #roundup2023 #EOTY2023 #ticketfairy #tfword";0;0;0;0;en;1321967059308285952;1741137246659674225;thefckingword;https://twitter.com/thefckingword/status/1741137246659674225
Sat Dec 30 16:38:52 +0000 2023;1741136782165471492;"ATTRACTION: dislike-Finding Nemo submarine overrated-Tomorrowland Speedway underrated-Living with the Land like-Pirates in DL love-Alice in Wonderland in DL Park I feel most myself in: DCA Resort I still need to visit: Tokyo DisneySea Resort I dream of living by: DL";0;0;0;0;en;1049149128;1741136782165471492;guild_of_guides;https://twitter.com/guild_of_guides/status/1741136782165471492
Sat Dec 30 16:29:02 +0000 2023;1741134307467386988;"Hey @DisneyD23, @RobertIger, @WaltDisneyCo, @Pixar, @upcomingpixar, @PixarRecruiting, @LAIKAStudios, &amp  @neilhimself, look at what I got for Christmas üéÑ!  A Coraline Articulated Figure Doll!  I can use that with Henry Selick &amp  Tim Burton to film Coraline in Tomorrowland! https://t.co/FvqEnRlOKq";0;0;1;1;en;876220280531816449;1741134307467386988;MikeScienceGuy;https://twitter.com/MikeScienceGuy/status/1741134307467386988
Sat Dec 30 15:57:07 +0000 2023;1741126275039732150;"@Grimezsz drop the fairies cum first mixtape and scratch the tomorrowland ass drops pleaseeeee";0;0;0;3;en;1665698279990996993;1740938466463203523;cranesintheskai;https://twitter.com/cranesintheskai/status/1741126275039732150
Sat Dec 30 15:00:16 +0000 2023;1741111967815745549;"Lowest waiting times in #WDW: Journey of Water, Inspired by Moana - 0 min Journey Into Imagination With Figment - 5 min Kali River Rapids - 5 min Walt Disney's Carousel of Progress - 5 min Tomorrowland Transit Authority PeopleMover - 10 min https://t.co/imIgIYjiHz #WDW #WDWLive";0;0;0;2;en;900758321216585729;1741111967815745549;WdwStats;https://twitter.com/WdwStats/status/1741111967815745549
Sat Dec 30 15:00:02 +0000 2023;1741111910521843715;"For December 30th...On This Day in @Disney History in 2012, @WaltDisneyWorld starts their Limited Time Magic promotion early with a week of New Year's parties in #Tomorrowland at the #MagicKingdom. https://t.co/DNixl1NPqU";0;1;0;2;en;2432787486;1741111910521843715;MrStrauchII;https://twitter.com/MrStrauchII/status/1741111910521843715
Sat Dec 30 15:00:01 +0000 2023;1741111906243432647;"For December 30th...On This Day in @Disney History in 2012, @WaltDisneyWorld starts their Limited Time Magic promotion early with a week of New Year's parties in #Tomorrowland at the #MagicKingdom. **Check out the video below to see more!** https://t.co/4LhdkfNMjp";0;0;0;2;en;53138376;1741111906243432647;DisneylandAlum;https://twitter.com/DisneylandAlum/status/1741111906243432647
Sat Dec 30 15:00:01 +0000 2023;1741111904939188331;"For December 30th...On This Day in @Disney History in 2012, @WaltDisneyWorld starts their Limited Time Magic promotion early with a week of New Year's parties in #Tomorrowland at the #MagicKingdom. **Check out the video below to see more!** https://t.co/xvqvSiJ3m9";0;0;0;0;en;2432787486;1741111904939188331;MrStrauchII;https://twitter.com/MrStrauchII/status/1741111904939188331
Sat Dec 30 15:00:00 +0000 2023;1741111902703612220;"For December 30th...On This Day in @Disney History in 2012, @WaltDisneyWorld starts their Limited Time Magic promotion early with a week of New Year's parties in #Tomorrowland at the #MagicKingdom. https://t.co/z1uRyBvJfN";0;0;0;2;en;53138376;1741111902703612220;DisneylandAlum;https://twitter.com/DisneylandAlum/status/1741111902703612220
Sat Dec 30 13:14:19 +0000 2023;1741085307066278117;"Topic - Tomorrowland Music presents: End Of Year Mix https://t.co/SOpZuCIglx";0;0;0;0;en;258496042;1741085307066278117;1001tracklists;https://twitter.com/1001tracklists/status/1741085307066278117
Sat Dec 30 13:03:51 +0000 2023;1741082673060217008;"The Grateful Dead, The Closing of Winterland at the Stroke of Midnight on NYE followed by Tomorrowland NYE Sets by Brennan Heart, Lost Frequencies, Martin Garrix, Dimitri Vegas &amp  Like Mike! https://t.co/NViwEe8bqB https://t.co/RI3O7FvVCw";0;0;0;0;en;45345052;1741082673060217008;DonELichterman;https://twitter.com/DonELichterman/status/1741082673060217008
Sat Dec 30 13:01:12 +0000 2023;1741082007109583161;"@trolllordgames While there are some issues with John Carter (the entire opening should have been cut) Disney can't do marketing. They just can't. It's such a shame as they can put out great sci fi like this, Tron Legacy, &amp  Tomorrowland, but then make terrible marketing choices.";0;0;0;2;en;40098062;1740734430635786427;ahdvd;https://twitter.com/ahdvd/status/1741082007109583161
Sat Dec 30 13:00:01 +0000 2023;1741081706621538688;"Tomorrowland Music presents: End Of Year Mix by @topicmusictv.  Join Topic on a journey through the best tracks released on Tomorrowland Music's imprint in 2023. Now available on YouTube, the official Tomorrowland app and aired on One World Radio on 30/12 at 11pm CET. https://t.co/w70TZTHH5F";0;0;0;12;en;1427908498428416004;1741081706621538688;TML_musiclabel;https://twitter.com/TML_musiclabel/status/1741081706621538688
Sat Dec 30 12:46:22 +0000 2023;1741078274346729530;"Tomorrowland Transit Authority PeopleMover has been reopened after an interruption of 9 minutes. https://t.co/2Rz7MMyvCv #MagicKingdom #WDW #WaltDisneyWorld #DisneyWorld";0;0;0;1;en;900758321216585729;1741075989155795145;WdwStats;https://twitter.com/WdwStats/status/1741078274346729530
Sat Dec 30 12:37:18 +0000 2023;1741075989155795145;"Tomorrowland Transit Authority PeopleMover has been temporarily interrupted. On average, an interruption takes 88 minutes. https://t.co/2Rz7MMyvCv #MagicKingdom #WDW #WaltDisneyWorld #DisneyWorld";0;1;0;1;en;900758321216585729;1741075989155795145;WdwStats;https://twitter.com/WdwStats/status/1741075989155795145
Sat Dec 30 12:18:50 +0000 2023;1741071343041359984;"Reinier Zonneveld LIVE | Tomorrowland 2022 - WE2 https://t.co/RH8LAQcycG via @YouTube";0;0;0;0;en;3693511042;1741071343041359984;wraith600;https://twitter.com/wraith600/status/1741071343041359984
Sat Dec 30 11:18:04 +0000 2023;1741056052538618087;"One thing i still wear is Tomorrowland lanyard ü§î";0;0;0;0;en;154077673;1741056052538618087;fellaferina;https://twitter.com/fellaferina/status/1741056052538618087
Sat Dec 30 10:57:30 +0000 2023;1741050873822798142;"Black Coffee - Samday ft Zano (Kwano SA Remix) https://t.co/uxEEEC71If via @YouTube  @RealBlackCoffee @Shimza01 @somizi @tomorrowland @CercleMusic @djsbu @DJmag";0;0;0;0;en;1690969456216825856;1741050873822798142;KwanoFiman;https://twitter.com/KwanoFiman/status/1741050873822798142
Sat Dec 30 10:47:22 +0000 2023;1741048326701953288;"Nora En Pure | Tomorrowland Belgium 2018 https://t.co/15Qc1YAHW2 via @YouTube";0;0;0;0;en;448035738;1741048326701953288;KlaasGroot1;https://twitter.com/KlaasGroot1/status/1741048326701953288
Sat Dec 30 10:00:57 +0000 2023;1741036644063670534;"Anyma &amp  Reb≈´ke - Syren [Live from Afterlife Tomorrowland] https://t.co/e1KaPTvqQW @YouTube„Çà„Çä";0;0;0;0;en;1730857799977156609;1741036644063670534;txyz0429;https://twitter.com/txyz0429/status/1741036644063670534
Sat Dec 30 09:16:46 +0000 2023;1741025526901334317;"@millionsofworms apparently it and Tomorrowland flopping are why we haven‚Äôt gotten a tron 3 and Disney was convinced that only Star Wars is sci-fi that can be profitable  I am very normal and not resentful about this";0;0;0;0;en;2852301847;1741018157480071601;MelancholyFlppr;https://twitter.com/MelancholyFlppr/status/1741025526901334317
Sat Dec 30 08:59:38 +0000 2023;1741021212116193748;"The whole point of these vies was to ensure a #Wheel for dogs (Jewish elite and #ElonMusk having a secret #Tomorrowland plan)  They wanted QAnon to be a #JuneBug to kickstart the "ice machine" #MosquitoCoast  "Go organic, don't use pesticides" #Orgies #ET  https://t.co/WLHyv46XS6 https://t.co/QJGINGWcUU";0;1;0;0;en;1455414868467544068;1516751961873285122;thousandfathers;https://twitter.com/thousandfathers/status/1741021212116193748
Sat Dec 30 07:56:08 +0000 2023;1741005232199573582;"afterlife ou tomorrowland, eis a questao";0;3;0;1;en;1143333631743746048;1741005232199573582;CHF_P3;https://twitter.com/CHF_P3/status/1741005232199573582
Sat Dec 30 06:47:50 +0000 2023;1740988045707678069;"@DavidRoomeAuth So, fantasy worlds are supposed to look like Tomorrowland?";0;0;0;1;en;1639320307046416388;1740660002455781567;AwYouMadeMe1nk;https://twitter.com/AwYouMadeMe1nk/status/1740988045707678069
Sat Dec 30 05:35:22 +0000 2023;1740969807560974777;"Kesariya Remix by @LFrequencies Live at @tomorrowland https://t.co/K0HGO0vxeS";0;0;0;1;en;1047035678008258560;1740969807560974777;dose_edm;https://twitter.com/dose_edm/status/1740969807560974777
Sat Dec 30 04:51:24 +0000 2023;1740958743989477556;"@Parkeology I was never selected. It was more exciting during Disneyland‚Äôs 30th when every 30th, 300th, 30,000th, and so on, visitor won a prize. For the Year of a Million Dreams, you kind of hoped a cast member would notice you.";0;0;0;1;en;760518360324943872;1740479013666304113;Tomorrowland_67;https://twitter.com/Tomorrowland_67/status/1740958743989477556
Sat Dec 30 03:05:20 +0000 2023;1740932052571353142;"I‚Äôm being taunted by Tomorrowland again. I guess I just have to watch the movie so I can feel something";0;0;0;3;en;3627451335;1740932052571353142;NotHappyWeekend;https://twitter.com/NotHappyWeekend/status/1740932052571353142
Sat Dec 30 03:01:35 +0000 2023;1740931106869014855;"@XanderStua9899 @AydinTucke72370 @Biisnec @bstew_06 @SDHNFA @moussasdh @kechunye @jasl71 @m_tomorrowland @kylanmamas @Dak4710 @eledesmarp @belinda_maze @MundoBolt @thefirstburbank @GMaurel74 @CheenaBadshah14 @raeez_cfc @JPhilipHunt @unlucky_tw @Qorriii_ @yuiyuiyui20007 @JackJames28 Fuck all the way off";0;0;0;0;en;45715525;1740905427108614439;Trancelot;https://twitter.com/Trancelot/status/1740931106869014855
Sat Dec 30 02:21:46 +0000 2023;1740921086030774539;"Tomorrowland 2023 Mix | Best Music, Remixes &amp  Mashups https://t.co/Rk5WANmhlh via @YouTube";0;0;0;0;en;1463174568;1740921086030774539;wildanimalspirt;https://twitter.com/wildanimalspirt/status/1740921086030774539
Sat Dec 30 02:15:23 +0000 2023;1740919481231130901;"@GreenVelvet_ Just watched Tomorrowland back and by far that‚Äôs the best set I‚Äôve ever seen you play to an audience not expecting it. The most iconic set ever. Please do their 20th anniversary next year üòÇ";0;0;0;0;en;240440021;1740919481231130901;DanSmith79;https://twitter.com/DanSmith79/status/1740919481231130901
Sat Dec 30 02:02:37 +0000 2023;1740916267165601964;"@tomorrowland and I've never been üò≠ it's still on my bucket list. (As is @DownloadFest ).";0;0;0;2;en;1264681583237201920;1740916267165601964;DeaddFett;https://twitter.com/DeaddFett/status/1740916267165601964
Sat Dec 30 01:58:38 +0000 2023;1740915265829839218;"@EddieMakesGames I have my fingers crossed for you if you wanna go to Tomorrowland - it‚Äôs becoming the Glasto of EDM imo haha !";0;0;0;1;en;3493857387;1740838835498455266;rosiexdollface;https://twitter.com/rosiexdollface/status/1740915265829839218
Sat Dec 30 01:23:45 +0000 2023;1740906486027767990;"@xCryboy explota la Tomorrowland";0;0;0;0;en;1729993662040260608;1740906061274697784;xcrydrama;https://twitter.com/xcrydrama/status/1740906486027767990
Sat Dec 30 00:33:32 +0000 2023;1740893848166072497;"Tomorrowland‚Äôs CORE Tulum releases full 2024 line-up for January Tulum party with Zamna  - https://t.co/CJeMyB8ene  @tomorrowland #tulum #zamna #tomorrowland @Zamnamusic";0;1;0;2;en;170203705;1740893848166072497;EDMLife;https://twitter.com/EDMLife/status/1740893848166072497
Sat Dec 30 00:12:49 +0000 2023;1740888634700820872;"@SubtleImagery 1. The ride is boring 2. You have almost no control what so ever. If you had more control it might be fun 3. It takes up too much space 4. The cars breakdown often 5. How do gas cars fit Tomorrowland? 6. It wastes so much space that could be used by rides and lands.";0;2;0;17;en;1195470651877814275;1740830758682656895;PeterSciretta;https://twitter.com/PeterSciretta/status/1740888634700820872
Sat Dec 30 00:01:58 +0000 2023;1740885903848190227;"üéµ The music speaks for itself, there‚Äôs no need to say anything ü§´  üîó Hit the link and enjoy your fvcking life üëâüèª https://t.co/9R8iVCSlDW ü´∂üèª  ‚ù§Ô∏è Thanks for your support üíô  #edm #music #dj #mix #yolo #tomorrowland #davidguetta #rave #party https://t.co/n8urcaSoxu";0;0;0;2;en;122790434;1740885903848190227;CedricLASS;https://twitter.com/CedricLASS/status/1740885903848190227
Fri Dec 29 23:59:52 +0000 2023;1740885378427650055;"@STARZ  Hey there STARZ company! Will STARZ's library deal with Disney expire in year 2025 and the missing 3 Disney live-action movies MALEFICENT (2014), CINDERELLA (2015), and TOMORROWLAND (2015) move to Disney Plus in North America and the USA?";0;0;0;1;en;1476361474461167616;1740885378427650055;DisneyMBTVCh;https://twitter.com/DisneyMBTVCh/status/1740885378427650055
Fri Dec 29 23:28:45 +0000 2023;1740877547808993493;"Jumping on the trend  Attraction I dislike: Tomorrowland Speedway  Overrated: Peter Pan‚Äôs Flight Underrated: Spider-Man at IOA I like: TTA Peoplemover  I love: BTMR Park I feel most myself in: Epcot Still need to visit: Shanghai Disneyland Dream of living by: Hersheypark";0;2;0;6;en;1125218342988652550;1740877547808993493;rick_ear;https://twitter.com/rick_ear/status/1740877547808993493
Fri Dec 29 22:55:21 +0000 2023;1740869139022098522;"@xCryboy @LSaaants Cry para Tomorrowland Dj ü•∫ü•∞";0;0;0;0;en;169244638;1740805356853608520;ksidney1313;https://twitter.com/ksidney1313/status/1740869139022098522
Fri Dec 29 22:54:18 +0000 2023;1740868876358070313;"Who‚Äôs been to Tomorrowland and has advice and suggestions ü´¢";0;1;0;1;en;18589446;1740868876358070313;alyeskafresca;https://twitter.com/alyeskafresca/status/1740868876358070313
Fri Dec 29 22:53:48 +0000 2023;1740868751531360263;"Attraction I dislike: Tomorrowland Speedway Att. that is overrated: Peter Pan Att. that is underrated: Peoplemover Att. I like: Living wt Land Att. I love: Spaceship Earth Park I feel most myself in: Epcot Resort I still need to visit: WDL Resort I dream of living by: WDW";0;0;0;2;en;51534592;1740868751531360263;OhItsSarahJane;https://twitter.com/OhItsSarahJane/status/1740868751531360263
Fri Dec 29 22:42:00 +0000 2023;1740865779841855772;"@HumaZhr Disney World Tomorrowland speedway drivers license. This proves that Disney World is a country. https://t.co/tlobJbxKfG";0;0;0;1;en;1387519174180708353;1740695850332852603;markbowden1776;https://twitter.com/markbowden1776/status/1740865779841855772
Fri Dec 29 22:29:04 +0000 2023;1740862525460345342;"Tomorrowland in Tulum?";0;3;0;3;en;426280566;1740862525460345342;oceankham;https://twitter.com/oceankham/status/1740862525460345342
Fri Dec 29 21:05:16 +0000 2023;1740841438039212490;"@afrojack I need the ID that you put after anywhere with you in tomorrowland please. I can not wait!!!! üò≠üò≠üò≠";0;0;0;3;en;1492664443150516225;1740828195845468333;TheRex_2010;https://twitter.com/TheRex_2010/status/1740841438039212490
Fri Dec 29 21:00:19 +0000 2023;1740840190753538057;"Lowest waiting times in #WDW: Journey of Water, Inspired by Moana - 0 min Walt Disney's Carousel of Progress - 5 min Kali River Rapids - 10 min Lightning McQueen's Racing Academy - 15 min Tomorrowland Transit Authority PeopleMover - 15 min https://t.co/imIgIYjiHz #WDW #WDWLive";0;0;0;0;en;900758321216585729;1740840190753538057;WdwStats;https://twitter.com/WdwStats/status/1740840190753538057
Fri Dec 29 20:58:25 +0000 2023;1740839712146043335;"Attraction I dislike: Tomorrowland Speedway overrated: Star Tours underrated: Tiki Room Att. I like: Haunted Mansion Att. I ‚ù§Ô∏è: Rise of the Resistance  Park I feel most myself: Disney World Resort I still need to visit: Paris, Hong Kong &amp  Shanghai Resort I dream of living by: WDW";0;0;0;0;en;2870909453;1740839712146043335;oneearrabbit;https://twitter.com/oneearrabbit/status/1740839712146043335
Fri Dec 29 20:54:56 +0000 2023;1740838835498455266;"Hmmm.  2024 goals....  - Move back to London (For real this time) - Attend Tomorrowland - Travel More - Continue with the YOLO approach to life - Meet new people - Actually get healthier.... - Play More Games - Be more sensible with ¬£¬£¬£¬£";0;2;0;1;en;456711049;1740838835498455266;EddieMakesGames;https://twitter.com/EddieMakesGames/status/1740838835498455266
Fri Dec 29 20:52:55 +0000 2023;1740838329485291752;"I‚Äôm almost ready to push on the gas, and start finalizing the European tour I‚Äôve been planning.   You ready? I may be in your city next month‚Ä¶ ü™©  #giulioricciardi #techno #technomusic #techhouse #edm #edmtwitter #johnsummit #house #housemusic #dj #amnesia #tomorrowland https://t.co/T3iuS62WvG";1;1;0;3;en;1715670842061795328;1738070461391528144;giulioriccmusic;https://twitter.com/giulioriccmusic/status/1740838329485291752
Fri Dec 29 20:51:11 +0000 2023;1740837891310485882;"I also watched most of #Tomorrowland, but I really don't like it. @Netflix_CA @netflix";0;0;0;0;en;31692087;1740837891310485882;the2ws;https://twitter.com/the2ws/status/1740837891310485882
Fri Dec 29 20:45:02 +0000 2023;1740836343830433889;"üéµ The music speaks for itself, there‚Äôs no need to say anything ü§´  üîó Hit the link and enjoy your fvcking life üëâüèª https://t.co/mJyvEBoPrV ü´∂üèª  ‚ù§Ô∏è Thanks for your support üíô  #edm #music #dj #mix #yolo #tomorrowland #davidguetta #rave #party https://t.co/QxweVi9K3l";0;0;0;2;en;122790434;1740836343830433889;CedricLASS;https://twitter.com/CedricLASS/status/1740836343830433889
Fri Dec 29 20:25:07 +0000 2023;1740831332954210356;"@SteveBassett Disney did abort the last episode of the Man in Space installment of the Tomorrowland portion of the Disneyland program leading up to the opening of Disneyland which was going to be about Disclosure of UFOs and ETs";0;0;0;1;en;287570979;1740721744397377760;GayBahaisUnited;https://twitter.com/GayBahaisUnited/status/1740831332954210356
Fri Dec 29 20:20:24 +0000 2023;1740830144548286706;"Tomorrowland";0;0;0;0;en;1521774469202825218;1740830144548286706;abbaaww;https://twitter.com/abbaaww/status/1740830144548286706
Fri Dec 29 20:20:06 +0000 2023;1740830071328567301;"@SpecialSitsNews Maybe a new dessert for  Tomorrowland at Disneyland";0;0;0;2;en;1222978642793254912;1740826952288653331;FlohCreative;https://twitter.com/FlohCreative/status/1740830071328567301
Fri Dec 29 20:15:19 +0000 2023;1740828867479343285;"Attraction I dislike: Tomorrowland Speedway ‚Ä¶think is overrated: Frozen ‚Ä¶think is underrated: Mission: SPACE ‚Ä¶like: Guardians of.. ‚Ä¶love: Rise of.. ‚Ä¶should give another chance to: Na‚Äôvi River J ‚Ä¶still need to experience: Toy Story Mania ‚Ä¶dream of living in: Spaceship Earth";4;0;0;8;en;1040246800865669120;1740828867479343285;RIPcotCenter;https://twitter.com/RIPcotCenter/status/1740828867479343285
Fri Dec 29 20:02:07 +0000 2023;1740825546815386081;"@iluminatibot It is like this because they wany to suck the most out of everything. Watch Tomorrowland.";0;0;0;0;en;1225166135869497346;1740507979265290726;fastertechnolo2;https://twitter.com/fastertechnolo2/status/1740825546815386081
Fri Dec 29 19:39:21 +0000 2023;1740819816108507576;"@VintageCulture - Tomorrowland 2023, Boom, live at the Crystal Garden  on #SoundCloud  üî•üî•üî• https://t.co/ZoG9P1jE4y";0;0;3;4;en;1494105133969555458;1740819816108507576;vinquezada1;https://twitter.com/vinquezada1/status/1740819816108507576
Fri Dec 29 19:28:46 +0000 2023;1740817153128022405;"Tomorrowland NYE https://t.co/xuB37719AO";0;0;0;0;en;45345052;1740817153128022405;DonELichterman;https://twitter.com/DonELichterman/status/1740817153128022405
Fri Dec 29 18:55:28 +0000 2023;1740808773642629535;"@DeeMagicGurl Plus, DL doesn't need frozen, unlike other parks. We joke about Tomorrowland and how bad it is, but it eats a lot of people on the busiest days";0;1;0;2;en;3166003386;1740805680045641799;BlankSamuel;https://twitter.com/BlankSamuel/status/1740808773642629535
Fri Dec 29 18:17:11 +0000 2023;1740799139095712235;"@Shouq_su @HaberturkTV If the sanctity of Saudi Arabia was not violated when it had a tomorrowland party while its Arab brothers and sisters were being slaughtered by Israel, then what the honorable ATAT√úRK will bring to your land cannot be anything other than civilization. üí©";0;0;0;1;en;3418588053;1740794616322892194;moyloo;https://twitter.com/moyloo/status/1740799139095712235
Fri Dec 29 17:59:00 +0000 2023;1740794562090795468;"@PeterSciretta @Parkeology Exactly! It's a blight on Tomorrowland.";0;0;0;2;en;1523135671296159744;1740758575667159150;ElonMuskSuckz;https://twitter.com/ElonMuskSuckz/status/1740794562090795468
Fri Dec 29 17:49:19 +0000 2023;1740792125690941786;"@havepeper Tomorrowland";0;0;0;0;en;1360286733309517824;1740763635595489440;ImWanderiing;https://twitter.com/ImWanderiing/status/1740792125690941786
Fri Dec 29 17:40:11 +0000 2023;1740789825224237156;"üéµ The music speaks for itself, there‚Äôs no need to say anything ü§´  üîó Hit the link and enjoy your fvcking life üëâüèª https://t.co/9R8iVCSlDW ü´∂üèª  ‚ù§Ô∏è Thanks for your support üíô  #edm #music #dj #mix #yolo #tomorrowland #davidguetta #rave #party https://t.co/YwxhusO8Nh";0;0;0;2;en;122790434;1740789825224237156;CedricLASS;https://twitter.com/CedricLASS/status/1740789825224237156
Fri Dec 29 17:29:16 +0000 2023;1740787078068355294;"@stxfxni Wait. Now I can't decide because Tomorrowland was OUTTA THIS WORLD!!! https://t.co/uq8VFUEYTP";0;0;0;0;en;702024093105672192;1740595332940169554;the_dread_rager;https://twitter.com/the_dread_rager/status/1740787078068355294
Fri Dec 29 17:19:55 +0000 2023;1740784727106494714;"Five Things to Know About the Tomorrowland Speedway - @touringplans https://t.co/21pxL7dPrZ #Disney";0;0;0;0;en;861026244384755712;1740784727106494714;ears_2_ground;https://twitter.com/ears_2_ground/status/1740784727106494714
Fri Dec 29 17:10:41 +0000 2023;1740782403352985836;"@TheHorizoneer I miss that Tomorrowland aesthetic";0;0;0;4;en;2759928466;1740621349096456374;tankart150;https://twitter.com/tankart150/status/1740782403352985836
Fri Dec 29 17:03:01 +0000 2023;1740780471796293730;"LOL stop asking me if I‚Äôm going to hijinx! I am not! Saving for Tomorrowland and a house üéØüòÇ";0;0;0;3;en;1027019972;1740780471796293730;josexkx9;https://twitter.com/josexkx9/status/1740780471796293730
Fri Dec 29 17:00:11 +0000 2023;1740779760521797646;"Lowest waiting times in #WDW: Journey of Water, Inspired by Moana - 0 min Walt Disney's Carousel of Progress - 5 min Kali River Rapids - 10 min Lightning McQueen's Racing Academy - 15 min Tomorrowland Transit Authority PeopleMover - 30 min https://t.co/imIgIYjiHz #WDW #WDWLive";0;0;0;0;en;900758321216585729;1740779760521797646;WdwStats;https://twitter.com/WdwStats/status/1740779760521797646
Fri Dec 29 16:32:42 +0000 2023;1740772841883320667;"Metaphysical Resources:  - As a Man Thinketh book - Allen - The Secret - movie - Tomorrowland - movie";0;0;0;0;en;1275470856349577216;1740772841883320667;CharlesThomasW7;https://twitter.com/CharlesThomasW7/status/1740772841883320667
Fri Dec 29 16:18:58 +0000 2023;1740769386380550223;"DEEP ü§ñ TECH HOUSE #wearetechno.#deep #deephouse #techhouse #techno #housemusic #underground #ultramusic #coachella #tomorrowland #ibiza #ushuaia #ants #dirtybird #weareunderground #traxsource #beatport #techno #dj Listen/Save/Submit your music...  https://t.co/ewe6mUOC5I https://t.co/uVVnhIF5Yq";0;1;0;1;en;37880488;1740769386380550223;ciappydj;https://twitter.com/ciappydj/status/1740769386380550223
Fri Dec 29 15:46:58 +0000 2023;1740761334646772103;"Vols,  We have made camp on the outskirts of Tomorrowland &amp  will enjoy the fruits of FL. Space Mt. claimed several casualties, but discipline‚Äôs been restored. I have promoted a young PFC to lead us to victory &amp  claim the shrine of citrus. In God &amp  Nico we trust.   Til VOLhalla";2;4;46;408;en;1050155058132865025;1740761334646772103;GenHeupel;https://twitter.com/GenHeupel/status/1740761334646772103
Fri Dec 29 15:36:36 +0000 2023;1740758724170731990;"@chris_taylor_sa @SolanaConf @aeyakovenko @oogyNFT @solana @solanamobile @SolJakey like the vibe, bro  hope 1 day will join Tomorrowland or alike party";0;0;0;0;en;2348130780;1740634199621558709;Ruslan_Dv;https://twitter.com/Ruslan_Dv/status/1740758724170731990
Fri Dec 29 15:35:29 +0000 2023;1740758443760505127;"no one is";0;0;0;0;en;1189543376531722240;1740758443760505127;tomorrowland734;https://twitter.com/tomorrowland734/status/1740758443760505127
Fri Dec 29 15:27:06 +0000 2023;1740756335631982673;"üéµ The music speaks for itself, there‚Äôs no need to say anything ü§´  üîó Hit the link and enjoy your fvcking life üëâüèª https://t.co/9R8iVCSlDW ü´∂üèª  ‚ù§Ô∏è Thanks for your support üíô  #edm #music #dj #mix #yolo #tomorrowland #davidguetta #rave #party https://t.co/PKrThHKBGG";0;0;1;3;en;122790434;1740756335631982673;CedricLASS;https://twitter.com/CedricLASS/status/1740756335631982673
Fri Dec 29 15:00:16 +0000 2023;1740749583301431546;"Lowest waiting times in #WDW: Journey of Water, Inspired by Moana - 0 min Journey Into Imagination With Figment - 5 min Kali River Rapids - 5 min Tomorrowland Transit Authority PeopleMover - 5 min Walt Disney's Carousel of Progress - 5 min https://t.co/imIgIYjiHz #WDW #WDWLive";0;0;0;1;en;900758321216585729;1740749583301431546;WdwStats;https://twitter.com/WdwStats/status/1740749583301431546
Fri Dec 29 14:32:16 +0000 2023;1740742535528722636;"@blutterfyfinger Tomorrowland hands down";0;0;0;0;en;1394529584670941189;1740393319371608232;AbigailEMeyers1;https://twitter.com/AbigailEMeyers1/status/1740742535528722636
Fri Dec 29 13:55:06 +0000 2023;1740733183875023183;"Disney planning another X-Files production? Disney has for a long time been leaking truths to the public about ET phenomena through entertainment. The Witch Mountain films and the TV show "Alien Encounter: From New Tomorrowland" are past examples.";0;0;0;0;en;15758445;1740733183875023183;jedishaman;https://twitter.com/jedishaman/status/1740733183875023183
Fri Dec 29 13:19:01 +0000 2023;1740724100363063454;"Is this‚Ä¶is this how we round about get a rethemed Alien Encounter back in Tomorrowland?   Also if they do C is for Chestbuster I will die laughing üòÇ";0;0;0;1;en;923740854665097216;1740724100363063454;Tarantrinn;https://twitter.com/Tarantrinn/status/1740724100363063454
Fri Dec 29 13:14:13 +0000 2023;1740722891371794786;"Mood üòÜ [Tag your friend]   #friday #techno #housenest #music #melodictechno #burningman #ultra #umf #tomorrowland https://t.co/EbblDHkCsm";0;0;3;9;en;951795216582893568;1740722891371794786;housenest_ofc;https://twitter.com/housenest_ofc/status/1740722891371794786
